{
  "attn_type": "elsaa",
  "train_K": 1024,
  "best_val_ppl": 3.5805967557561753,
  "eval_results": {
    "K256": 253.06703139779964,
    "K512": 94.21519140576534,
    "K1024": 3.5806479018450035,
    "K2048": 172.18500040968945,
    "K4096": 145.5390706279218
  },
  "eval_K_values": [
    256,
    512,
    1024,
    2048,
    4096
  ],
  "skipped_K": [],
  "successful_K": [
    256,
    512,
    1024,
    2048,
    4096
  ]
}