{
  "attn_type": "elsaa",
  "train_K": 512,
  "best_val_ppl": 1.0184068697857946,
  "eval_results": {
    "K256": 1963.6563732338782,
    "K512": 1.0204337237478929,
    "K1024": 82.14300978812416,
    "K2048": 99.9250524000772,
    "K4096": 104.02565913097044
  },
  "eval_K_values": [
    256,
    512,
    1024,
    2048,
    4096
  ],
  "skipped_K": [],
  "successful_K": [
    256,
    512,
    1024,
    2048,
    4096
  ]
}