{
  "attn_type": "exact",
  "train_K": 512,
  "best_val_ppl": 1.0000000011280643,
  "eval_results": {
    "K256": 245894.2576642017,
    "K512": 1.0000000011421506,
    "K1024": 199596.42549850087,
    "K2048": 93238.51832734626,
    "K4096": 106232.49823286338
  },
  "eval_K_values": [
    256,
    512,
    1024,
    2048,
    4096
  ],
  "skipped_K": [],
  "successful_K": [
    256,
    512,
    1024,
    2048,
    4096
  ]
}