{
  "attn_type": "causal_sparse",
  "train_K": 1024,
  "best_val_ppl": 62.994873884644036,
  "eval_results": {
    "K256": 63.02571826812012,
    "K512": 62.99993782406458,
    "K1024": 62.99997940042275,
    "K2048": 63.00002599361396,
    "K4096": 63.0000396170971
  },
  "eval_K_values": [
    256,
    512,
    1024,
    2048,
    4096
  ],
  "skipped_K": [],
  "successful_K": [
    256,
    512,
    1024,
    2048,
    4096
  ]
}