{
  "attn_type": "causal_sparse",
  "train_K": 512,
  "best_val_ppl": 1.8119132700529714,
  "eval_results": {
    "K256": 121.87478665238824,
    "K512": 1.846913118324371,
    "K1024": 72.70200458328625,
    "K2048": 71.3910024257884,
    "K4096": 67.33778384506911
  },
  "eval_K_values": [
    256,
    512,
    1024,
    2048,
    4096
  ],
  "skipped_K": [],
  "successful_K": [
    256,
    512,
    1024,
    2048,
    4096
  ]
}