{
  "attn_type": "causal_race",
  "train_K": 1024,
  "best_val_ppl": 3.823020118248901,
  "eval_results": {
    "K256": 171.6043427248547,
    "K512": 73.79730491843716,
    "K1024": 3.8213998009685692,
    "K2048": 1204.46960894319,
    "K4096": 1076.2637783355203
  },
  "eval_K_values": [
    256,
    512,
    1024,
    2048,
    4096
  ],
  "skipped_K": [],
  "successful_K": [
    256,
    512,
    1024,
    2048,
    4096
  ]
}