{
  "attn_type": "causal_race",
  "train_K": 512,
  "best_val_ppl": 1.6982796910788138,
  "eval_results": {
    "K256": 377.6216083864163,
    "K512": 1.6984336108049807,
    "K1024": 10526.561224525936,
    "K2048": 8123.281153509096,
    "K4096": 7546.71621557601
  },
  "eval_K_values": [
    256,
    512,
    1024,
    2048,
    4096
  ],
  "skipped_K": [],
  "successful_K": [
    256,
    512,
    1024,
    2048,
    4096
  ]
}