{
  "attn_type": "performer",
  "train_K": 512,
  "best_val_ppl": 51.34689608892295,
  "eval_results": {
    "K256": 69.75372133766112,
    "K512": 51.35523722877202,
    "K1024": 64.43951130039763,
    "K2048": 65.49763458530201,
    "K4096": 65.65731440225406
  },
  "eval_K_values": [
    256,
    512,
    1024,
    2048,
    4096
  ],
  "skipped_K": [],
  "successful_K": [
    256,
    512,
    1024,
    2048,
    4096
  ]
}